Date,Open,High,Low,Close,Volume,Adj Close
2006-10-02,75.1,75.87,74.3,74.86,25451400,72.38
2006-10-03,74.45,74.95,73.19,74.08,28239600,71.63
2006-10-04,74.1,75.46,73.16,75.38,29610100,72.89
2006-10-05,74.53,76.16,74.13,74.83,24424400,72.35
2006-10-06,74.42,75.04,73.81,74.22,16677100,71.76
2006-10-09,73.8,75.08,73.53,74.63,15650800,72.16
2006-10-10,74.54,74.58,73.08,73.81,18985300,71.37
2006-10-11,73.42,73.98,72.6,73.23,20423400,70.81
2006-10-12,73.61,75.39,73.6,75.26,21173400,72.77
2006-10-13,75.63,76.88,74.74,75.02,24435600,72.54
2006-10-16,75.19,75.88,74.79,75.4,18167600,72.9
2006-10-17,75.04,75.27,74.04,74.29,17175900,71.83
2006-10-18,74.75,75.37,73.91,74.53,40496700,72.06
2006-10-19,79.26,79.95,78.16,78.99,54034900,76.38
2006-10-20,78.97,79.99,78.67,79.95,22836200,77.3
2006-10-23,79.99,81.9,79.75,81.46,29732400,78.76
2006-10-24,81.21,81.68,80.2,81.05,16543300,78.37
2006-10-25,81.35,82.0,81.01,81.68,17329100,78.98
2006-10-26,81.9,82.6,81.13,82.19,15455600,79.47
2006-10-27,81.75,82.45,80.01,80.41,21248800,77.75
2006-10-30,79.99,80.9,79.5,80.42,17854200,77.76
2006-10-31,81.45,81.68,80.23,81.08,17909800,78.4
2006-11-01,81.1,81.38,78.36,79.16,21828300,76.54
2006-11-02,78.92,79.32,78.5,78.98,16624400,76.37
2006-11-03,79.36,79.53,77.79,78.29,15424600,75.7
2006-11-06,78.95,80.06,78.43,79.71,15520600,77.07
2006-11-07,80.45,81.0,80.13,80.51,18783300,77.85
2006-11-08,80.02,82.69,79.89,82.45,24675600,79.72
2006-11-09,82.9,84.69,82.12,83.34,32966200,80.58
2006-11-10,83.55,83.6,82.5,83.12,13352300,80.37
2006-11-13,83.22,84.45,82.64,84.35,16095500,81.56
2006-11-14,84.8,85.0,83.9,85.0,21034100,82.19
2006-11-15,85.05,85.9,84.0,84.05,23404400,81.27
2006-11-16,84.87,86.3,84.62,85.61,24783600,82.78
2006-11-17,85.14,85.94,85.0,85.85,16658000,83.01
2006-11-20,85.4,87.0,85.2,86.47,20385500,83.61
2006-11-21,87.42,88.6,87.11,88.6,22238100,85.67
2006-11-22,88.99,90.75,87.85,90.31,23997900,87.32
2006-11-24,89.53,93.08,89.5,91.63,18524200,88.6
2006-11-27,92.51,93.16,89.5,89.54,38387000,86.58
2006-11-28,90.36,91.97,89.91,91.81,37006200,88.77
2006-11-29,93.0,93.15,90.25,91.8,41324400,88.76
2006-11-30,92.21,92.68,91.06,91.66,31088800,88.63
2006-12-01,91.8,92.33,90.1,91.32,28395700,88.3
2006-12-04,91.88,92.05,90.5,91.12,25340600,88.1
2006-12-05,91.65,92.33,90.87,91.27,23672800,88.25
2006-12-06,90.64,91.39,89.67,89.83,22792300,86.86
2006-12-07,90.03,90.5,86.9,87.04,35886700,84.16
2006-12-08,87.23,89.39,87.0,88.26,28009900,85.34
2006-12-11,88.9,89.3,88.05,88.75,17849300,85.81
2006-12-12,88.61,88.84,85.53,86.14,36665000,83.29
2006-12-13,87.95,89.07,87.15,89.05,30609000,86.1
2006-12-14,89.05,90.0,88.26,88.55,29726100,85.62
2006-12-15,89.02,89.22,87.33,87.72,26426400,84.82
2006-12-18,87.63,88.0,84.59,85.47,25770600,82.64
2006-12-19,84.73,86.68,83.62,86.31,32550200,83.45
2006-12-20,86.47,86.67,84.74,84.76,20274700,81.96
2006-12-21,84.7,85.48,82.2,82.9,32271400,80.16
2006-12-22,83.46,84.04,81.6,82.2,21903700,79.48
2006-12-26,82.15,82.57,80.89,81.51,17524600,78.81
2006-12-27,78.15,82.0,76.77,81.52,69134100,78.82
2006-12-28,80.22,81.25,79.65,80.87,39995600,78.19
2006-12-29,83.95,85.4,83.36,84.84,38443900,82.03
2007-01-03,86.29,86.58,81.9,83.8,44225700,81.03
2007-01-04,84.05,85.95,83.82,85.66,30259300,82.83
2007-01-05,85.77,86.2,84.4,85.05,29812200,82.24
2007-01-08,85.96,86.53,85.28,85.47,28468100,82.64
2007-01-09,86.45,92.98,85.15,92.57,119617800,89.51
2007-01-10,94.75,97.8,93.45,97.0,105460000,93.79
2007-01-11,95.94,96.78,95.1,95.8,51437600,92.63
2007-01-12,94.59,95.06,93.23,94.62,46881800,91.49
2007-01-16,95.68,97.25,95.45,97.1,44431300,93.89
2007-01-17,97.56,97.6,94.82,94.95,58795000,91.81
2007-01-18,92.1,92.11,89.05,89.07,84450200,86.12
2007-01-19,88.63,89.65,88.12,88.5,48731200,85.57
2007-01-22,89.14,89.16,85.65,86.79,51929500,83.92
2007-01-23,85.73,87.51,85.51,85.7,43122300,82.86
2007-01-24,86.68,87.15,86.08,86.7,33136200,83.83
2007-01-25,87.11,88.5,86.03,86.25,32356200,83.4
2007-01-26,87.11,87.37,84.99,85.38,35245500,82.55
2007-01-29,86.3,86.65,85.53,85.94,32202300,83.1
2007-01-30,86.43,86.49,85.25,85.55,20641800,82.72
2007-01-31,84.86,86.0,84.35,85.73,30573900,82.89
2007-02-01,86.23,86.27,84.74,84.74,23726500,81.94
2007-02-02,84.12,85.25,83.7,84.75,22197500,81.95
2007-02-05,84.3,85.23,83.94,83.94,20673300,81.16
2007-02-06,84.45,84.47,82.86,84.15,30871200,81.37
2007-02-07,84.48,86.38,83.55,86.15,38100900,83.3
2007-02-08,85.43,86.51,85.41,86.18,24251100,83.33
2007-02-09,85.88,86.2,83.21,83.27,30733600,80.51
2007-02-12,84.43,85.18,83.63,84.88,25859700,82.07
2007-02-13,85.16,85.29,84.3,84.7,20749500,81.9
2007-02-14,84.63,85.64,84.57,85.3,18142200,82.48
2007-02-15,85.44,85.62,84.78,85.21,12987900,82.39
2007-02-16,85.25,85.41,84.66,84.83,14281000,82.02
2007-02-20,84.65,86.16,84.16,85.9,22060800,83.06
2007-02-21,85.98,89.49,85.96,89.2,41261200,86.25
2007-02-22,90.8,90.81,88.53,89.51,29936600,86.55
2007-02-23,89.16,90.34,88.85,89.07,18496200,86.12
2007-02-26,89.84,90.0,87.61,88.51,21994600,85.58
2007-02-27,86.3,87.08,83.41,83.93,40921900,81.15
2007-02-28,83.0,85.6,83.0,84.61,32838400,81.81
2007-03-01,84.03,88.31,83.75,87.06,50554600,84.18
2007-03-02,86.77,87.54,85.21,85.41,30714300,82.58
2007-03-05,85.89,88.65,85.76,86.32,29960700,83.46
2007-03-06,87.8,88.31,87.4,88.19,25828100,85.27
2007-03-07,88.05,88.97,87.45,87.72,22367300,84.82
2007-03-08,88.59,88.72,87.46,88.0,18250400,85.09
2007-03-09,88.8,88.85,87.4,87.97,16137000,85.06
2007-03-12,88.07,89.99,87.99,89.87,26050300,86.9
2007-03-13,89.41,90.6,88.4,88.4,30996100,85.47
2007-03-14,88.6,90.0,87.92,90.0,28449500,87.02
2007-03-15,89.96,90.36,89.31,89.57,19982100,86.61
2007-03-16,89.54,89.99,89.32,89.59,20418000,86.63
2007-03-19,90.24,91.55,89.59,91.13,25462900,88.11
2007-03-20,91.35,91.84,91.06,91.48,17461300,88.45
2007-03-21,91.99,94.0,91.65,93.87,24532000,90.76
2007-03-22,93.73,94.36,93.0,93.96,20053300,90.85
2007-03-23,93.35,94.07,93.3,93.52,16103000,90.43
2007-03-26,93.99,95.9,93.3,95.85,30892400,92.68
2007-03-27,95.71,96.83,95.0,95.46,33287600,92.3
2007-03-28,94.88,95.4,93.15,93.24,33654900,90.15
2007-03-29,94.19,94.19,92.23,93.75,25918700,90.65
2007-03-30,94.28,94.68,92.75,92.91,21448500,89.84
2007-04-02,94.14,94.25,93.02,93.65,17928300,90.55
2007-04-03,94.14,95.23,93.76,94.5,20854800,91.37
2007-04-04,94.94,95.14,94.13,94.27,17028000,91.15
2007-04-05,94.12,94.68,93.52,94.68,12697000,91.55
2007-04-09,95.21,95.3,93.04,93.65,14762200,90.55
2007-04-10,93.67,94.26,93.41,94.25,12588100,91.13
2007-04-11,93.9,93.95,92.33,92.59,19607800,89.53
2007-04-12,92.04,92.31,90.72,92.19,23452700,89.14
2007-04-13,90.9,91.4,90.06,90.24,25712200,87.25
2007-04-16,90.57,91.5,90.25,91.43,21751200,88.4
2007-04-17,92.0,92.3,89.7,90.35,26854300,87.36
2007-04-18,90.16,90.85,89.6,90.4,16573000,87.41
2007-04-19,90.19,91.25,89.83,90.27,15211200,87.28
2007-04-20,90.89,91.18,90.55,90.97,18670700,87.96
2007-04-23,91.59,93.8,91.42,93.51,27867500,90.42
2007-04-24,93.96,96.39,91.3,93.24,37687600,90.15
2007-04-25,94.23,95.4,93.8,95.35,42398000,92.19
2007-04-26,101.58,102.5,98.3,98.84,62063500,95.57
2007-04-27,98.18,99.95,97.69,99.92,24978700,96.61
2007-04-30,100.09,101.0,99.67,99.8,22018200,96.5
2007-05-01,99.59,100.35,98.55,99.47,19018700,96.18
2007-05-02,99.65,100.54,99.47,100.39,18040900,97.07
2007-05-03,100.73,101.45,100.01,100.4,20574200,97.08
2007-05-04,100.8,101.6,100.5,100.81,13642400,97.47
2007-05-07,101.08,104.35,101.01,103.92,30769900,100.48
2007-05-08,103.47,105.15,103.42,105.06,27999900,101.58
2007-05-09,104.91,106.96,104.89,106.88,25634200,103.34
2007-05-10,106.63,108.84,105.92,107.34,42759200,103.79
2007-05-11,107.74,109.13,106.78,108.74,23346300,105.14
2007-05-14,109.62,110.0,108.25,109.36,23283800,105.74
2007-05-15,109.57,110.2,106.48,107.52,34089800,103.96
2007-05-16,108.53,108.83,103.42,107.34,40241700,103.79
2007-05-17,107.15,109.87,107.15,109.44,26260400,105.82
2007-05-18,110.23,110.64,109.77,110.02,22190900,106.38
2007-05-21,110.31,112.45,110.05,111.98,22853300,108.27
2007-05-22,112.49,113.75,112.01,113.54,20443200,109.78
2007-05-23,114.02,115.0,112.59,112.89,32549100,109.15
2007-05-24,112.81,114.46,110.37,110.69,31691500,107.03
2007-05-25,112.0,113.78,111.5,113.62,22605700,109.86
2007-05-29,114.45,114.86,112.69,114.35,23060500,110.57
2007-05-30,114.3,118.88,113.53,118.77,52801600,114.84
2007-05-31,120.07,122.17,119.54,121.19,46323800,117.18
2007-06-01,121.1,121.19,118.29,118.4,31616500,114.48
2007-06-04,118.63,121.73,117.9,121.33,31666900,117.31
2007-06-05,121.41,122.69,120.5,122.67,32885200,118.61
2007-06-06,122.3,124.05,121.95,123.64,39722900,119.55
2007-06-07,124.99,127.61,123.19,124.07,68395700,119.96
2007-06-08,125.82,125.83,122.29,124.49,44345800,120.37
2007-06-11,126.0,126.15,119.54,120.19,66937800,116.21
2007-06-12,119.35,121.71,118.31,120.38,50948800,116.4
2007-06-13,121.15,121.19,115.4,117.5,61476900,113.61
2007-06-14,117.2,119.45,116.42,118.75,34759500,114.82
2007-06-15,120.62,120.67,119.86,120.5,28972100,116.51
2007-06-18,123.28,125.18,122.54,125.09,32521600,120.95
2007-06-19,124.69,125.01,122.91,123.66,33679500,119.57
2007-06-20,123.87,124.66,121.5,121.55,32054000,117.53
2007-06-21,121.7,124.29,120.72,123.9,30965900,119.8
2007-06-22,123.85,124.45,122.38,123.0,22567000,118.93
2007-06-25,124.19,125.09,121.06,122.34,34478700,118.29
2007-06-26,123.98,124.0,118.72,119.65,48035900,115.69
2007-06-27,120.61,122.04,119.26,121.89,34810600,117.86
2007-06-28,122.36,122.49,120.0,120.56,29933700,116.57
2007-06-29,121.97,124.0,121.09,122.04,40637200,118.0
2007-07-02,121.05,122.09,119.3,121.26,35530800,117.25
2007-07-03,122.0,127.4,121.5,127.17,41517200,122.96
2007-07-05,128.8,132.97,128.69,132.75,51894700,128.36
2007-07-06,133.13,133.34,130.4,132.3,31239100,127.92
2007-07-09,132.38,132.9,129.18,130.33,35565000,126.02
2007-07-10,128.88,134.5,128.81,132.35,44821700,127.97
2007-07-11,132.07,133.7,131.31,132.39,29349000,128.01
2007-07-12,133.85,134.24,132.39,134.07,25164600,129.63
2007-07-13,135.03,137.85,134.52,137.73,32414500,133.17
2007-07-16,138.39,139.98,137.5,138.1,33432600,133.53
2007-07-17,138.3,139.6,137.5,138.91,25355700,134.31
2007-07-18,138.19,138.44,136.04,138.12,27030600,133.55
2007-07-19,140.3,140.81,139.65,140.0,26174700,135.37
2007-07-20,141.65,144.18,140.0,143.75,41706200,138.99
2007-07-23,143.31,145.22,140.93,143.7,37017500,138.94
2007-07-24,138.88,141.0,134.15,134.89,64117600,130.43
2007-07-25,137.35,138.36,135.0,137.26,53435100,132.72
2007-07-26,145.91,148.5,136.96,146.0,78093900,141.17
2007-07-27,146.19,148.92,143.78,143.85,41467800,139.09
2007-07-30,144.33,145.45,139.57,141.43,39535300,136.75
2007-07-31,142.97,143.48,131.52,131.76,62942600,127.4
2007-08-01,133.64,135.38,127.77,135.0,62505600,130.53
2007-08-02,136.65,136.96,134.15,136.49,30451600,131.97
2007-08-03,135.26,135.95,131.5,131.85,24256700,127.49
2007-08-06,132.9,135.27,128.3,135.25,33041800,130.77
2007-08-07,134.94,137.24,132.63,135.03,33926300,130.56
2007-08-08,136.76,136.86,132.0,134.01,28860600,129.58
2007-08-09,131.11,133.0,125.09,126.39,40192700,122.21
2007-08-10,123.12,127.75,120.3,125.0,50383900,120.86
2007-08-13,128.32,129.35,126.5,127.79,26889700,123.56
2007-08-14,128.29,128.3,123.71,124.03,26393100,119.93
2007-08-15,122.74,124.86,119.65,119.9,35459000,115.93
2007-08-16,117.01,118.5,111.62,117.05,66667500,113.18
2007-08-17,122.01,123.5,119.82,122.06,42680800,118.02
2007-08-20,123.96,124.5,120.5,122.22,28689900,118.18
2007-08-21,122.21,128.96,121.0,127.57,46537400,123.35
2007-08-22,131.22,132.75,130.33,132.51,37920200,128.12
2007-08-23,133.09,133.34,129.76,131.07,30958500,126.73
2007-08-24,130.53,135.37,129.81,135.3,32565500,130.82
2007-08-27,133.39,134.66,132.1,132.25,25265700,127.87
2007-08-28,130.99,132.41,126.63,126.82,42120200,122.62
2007-08-29,129.88,134.18,129.54,134.08,41673600,129.64
2007-08-30,132.67,138.25,132.3,136.25,51270800,131.74
2007-08-31,139.49,139.65,137.41,138.48,31317400,133.9
2007-09-04,139.94,145.73,139.84,144.16,47030100,139.39
2007-09-05,144.97,145.84,136.1,136.76,83150800,132.23
2007-09-06,135.56,137.57,132.71,135.01,67902200,130.54
2007-09-07,132.01,132.3,130.0,131.77,51092000,127.41
2007-09-10,136.99,138.04,133.95,136.71,53137100,132.19
2007-09-11,137.9,138.3,133.75,135.49,34710200,131.01
2007-09-12,135.99,139.4,135.75,136.85,36527500,132.32
2007-09-13,138.83,139.0,136.65,137.2,23434400,132.66
2007-09-14,136.57,138.98,136.2,138.81,21690000,134.22
2007-09-17,138.99,140.59,137.6,138.41,28334700,133.83
2007-09-18,139.06,142.85,137.83,140.92,38003200,136.26
2007-09-19,143.02,143.16,139.4,140.77,36674300,136.11
2007-09-20,140.15,141.79,139.32,140.31,24708600,135.67
2007-09-21,141.14,144.65,140.31,144.15,40674300,139.38
2007-09-24,146.73,149.85,146.65,148.28,37577200,143.37
2007-09-25,146.84,153.22,146.82,153.18,42591100,148.11
2007-09-26,154.47,155.0,151.25,152.77,34831000,147.71
2007-09-27,153.77,154.52,152.32,154.5,23507100,149.39
2007-09-28,153.44,154.6,152.75,153.47,21967900,148.39
2007-10-01,154.63,157.41,152.93,156.34,29895300,151.17
2007-10-02,156.55,158.59,155.89,158.45,28288200,153.21
2007-10-03,157.78,159.18,157.01,157.92,24732800,152.69
2007-10-04,158.0,158.08,153.5,156.24,23462800,151.07
2007-10-05,158.37,161.58,157.7,161.45,33695400,156.11
2007-10-08,163.49,167.91,162.97,167.91,29854600,162.35
2007-10-09,170.2,171.11,166.68,167.86,39438800,162.31
2007-10-10,167.55,167.88,165.6,166.79,23842500,161.27
2007-10-11,169.49,171.88,153.21,162.23,58714000,156.86
2007-10-12,163.01,167.28,161.8,167.25,35292000,161.72
2007-10-15,167.98,169.57,163.5,166.98,38497500,161.45
2007-10-16,165.54,170.18,165.15,169.58,38136800,163.97
2007-10-17,172.69,173.04,169.18,172.75,40271900,167.03
2007-10-18,171.5,174.19,171.05,173.5,29417000,167.76
2007-10-19,174.24,174.63,170.0,170.42,46135000,164.78
2007-10-22,170.35,174.9,169.96,174.36,58910700,168.59
2007-10-23,188.56,188.6,182.76,186.16,64113000,180.0
2007-10-24,185.81,187.21,179.24,185.93,46017200,179.78
2007-10-25,184.87,185.9,181.66,182.78,34771500,176.73
2007-10-26,185.29,185.37,182.88,184.7,25219800,178.59
2007-10-29,185.45,186.59,184.7,185.09,19305500,178.96
2007-10-30,186.18,189.37,184.73,187.0,33550500,180.81
2007-10-31,187.63,190.12,184.95,189.95,29761100,183.66
2007-11-01,188.6,190.1,180.0,187.44,28751300,181.24
2007-11-02,189.21,189.44,183.49,187.87,35789800,181.65
2007-11-05,185.29,188.96,184.24,186.18,28720600,180.02
2007-11-06,187.05,192.0,185.27,191.79,34097400,185.44
2007-11-07,190.61,192.68,186.13,186.3,35473400,180.13
2007-11-08,186.67,186.9,167.77,175.47,67458500,169.66
2007-11-09,171.15,175.12,165.21,165.37,54458700,159.9
2007-11-12,165.28,167.7,150.63,153.76,63057700,148.67
2007-11-13,160.85,170.98,153.76,169.96,62034100,164.34
2007-11-14,177.16,177.57,163.74,166.11,51695400,160.61
2007-11-15,166.39,169.59,160.3,164.3,53095600,158.86
2007-11-16,165.3,167.02,159.33,166.39,49391300,160.88
2007-11-19,166.1,168.2,162.1,163.95,41196800,158.52
2007-11-20,165.67,171.79,163.53,168.85,55130100,163.26
2007-11-21,165.84,172.35,164.67,168.46,43493200,162.89
2007-11-23,172.0,172.05,169.75,171.54,16634200,165.86
2007-11-26,173.59,177.27,172.35,172.54,46634100,166.83
2007-11-27,175.22,175.79,170.01,174.81,47036800,169.03
2007-11-28,176.82,180.6,175.35,180.22,41104000,174.26
2007-11-29,179.43,185.17,179.15,184.29,37533100,178.19
2007-11-30,187.34,187.7,179.7,182.22,42421500,176.19
2007-12-03,181.86,184.14,177.7,178.86,34338200,172.94
2007-12-04,177.15,180.9,176.99,179.81,27635700,173.86
2007-12-05,182.89,186.0,182.41,185.5,31871500,179.36
2007-12-06,186.19,190.1,186.12,189.95,32136100,183.66
2007-12-07,190.54,194.99,188.04,194.3,38073800,187.87
2007-12-10,193.59,195.66,192.69,194.21,25799200,187.78
2007-12-11,194.75,196.83,187.39,188.54,39675900,182.3
2007-12-12,193.44,194.48,185.76,190.86,43773600,184.54
2007-12-13,190.19,192.12,187.82,191.83,30879200,185.48
2007-12-14,190.37,193.2,189.54,190.39,24082600,184.09
2007-12-17,190.72,192.65,182.98,184.4,36596200,178.3
2007-12-18,186.52,187.33,178.6,182.98,43664400,176.92
2007-12-19,182.98,184.64,180.9,183.12,29552800,177.06
2007-12-20,185.43,187.83,183.33,187.21,27644900,181.01
2007-12-21,190.12,193.91,189.89,193.91,35498600,187.49
2007-12-24,195.03,199.33,194.79,198.8,17150100,192.22
2007-12-26,199.01,200.96,196.82,198.95,25133300,192.37
2007-12-27,198.95,202.96,197.8,198.57,28411700,192.0
2007-12-28,200.59,201.56,196.88,199.83,24987400,193.22
2007-12-31,199.5,200.5,197.75,198.08,19261900,191.53
2008-01-02,199.27,200.26,192.55,194.84,38542100,188.39
2008-01-03,195.41,197.39,192.69,194.93,30073800,188.48
2008-01-04,191.45,193.0,178.89,180.05,51994000,174.09
2008-01-07,181.25,183.6,170.23,177.64,74006900,171.76
2008-01-08,180.14,182.46,170.8,171.25,54422000,165.58
2008-01-09,171.3,179.5,168.3,179.4,64781500,173.46
2008-01-10,177.58,181.0,175.41,178.02,52963400,172.13
2008-01-11,176.0,177.85,170.0,172.69,44010200,166.98
2008-01-14,177.52,179.42,175.17,178.78,39301800,172.86
2008-01-15,177.72,179.22,164.66,169.04,83688500,163.45
2008-01-16,165.23,169.01,156.7,159.64,79065900,154.36
2008-01-17,161.51,165.36,158.42,160.89,62780700,155.57
2008-01-18,161.71,165.75,159.61,161.36,61583700,156.02
2008-01-22,148.06,159.98,146.0,155.64,86955500,150.49
2008-01-23,136.19,140.0,126.14,139.07,120463200,134.47
2008-01-24,139.99,140.7,132.01,135.6,71638100,131.11
2008-01-25,138.99,139.09,129.61,130.01,55526400,125.71
2008-01-28,128.16,133.2,126.45,130.01,52673000,125.71
2008-01-29,131.15,132.79,129.05,131.54,39285100,127.19
2008-01-30,131.37,135.45,130.0,132.18,44394700,127.81
2008-01-31,129.45,136.65,129.4,135.36,48059800,130.88
2008-02-01,136.24,136.59,132.18,133.75,36098000,129.32
2008-02-04,134.21,135.9,131.42,131.65,32115500,127.29
2008-02-05,130.43,134.0,128.9,129.36,40751500,125.08
2008-02-06,130.83,131.92,121.77,122.0,56188300,117.96
2008-02-07,119.97,124.78,117.27,121.24,74404700,117.23
2008-02-08,122.08,125.7,121.6,125.48,48427600,121.33
2008-02-11,128.01,129.98,127.2,129.45,42908300,125.17
2008-02-12,130.7,131.0,123.62,124.86,43785000,120.73
2008-02-13,126.68,129.78,125.63,129.4,34590500,125.12
2008-02-14,129.4,130.8,127.01,127.46,34074900,123.24
2008-02-15,126.27,127.08,124.06,124.63,32189300,120.51
2008-02-19,125.99,126.75,121.44,122.18,35894500,118.14
2008-02-20,122.2,124.6,121.68,123.82,34551400,119.72
2008-02-21,126.05,126.47,120.86,121.54,33504100,117.52
2008-02-22,122.48,122.51,115.87,119.46,54638500,115.51
2008-02-25,118.59,120.17,116.66,119.74,44884800,115.78
2008-02-26,117.64,121.09,115.44,119.15,53746000,115.21
2008-02-27,118.23,123.05,118.09,122.96,52683500,118.89
2008-02-28,127.2,132.2,125.77,129.91,57794800,125.61
2008-02-29,129.29,130.21,124.8,125.02,44838600,120.88
2008-03-03,124.44,125.98,118.0,121.73,56894400,117.7
2008-03-04,121.99,124.88,120.4,124.62,63763700,120.5
2008-03-05,123.58,125.14,122.25,124.49,43637000,120.37
2008-03-06,124.61,127.5,120.81,120.93,52632100,116.93
2008-03-07,120.41,122.98,119.05,122.25,43945100,118.2
2008-03-10,121.98,123.46,119.37,119.69,35699600,115.73
2008-03-11,124.1,127.48,122.0,127.35,41569400,123.14
2008-03-12,127.04,128.68,125.17,126.03,37843900,121.86
2008-03-13,124.1,129.5,123.0,127.94,45075100,123.71
2008-03-14,129.88,130.3,124.2,126.61,41308600,122.42
2008-03-17,122.55,128.59,122.55,126.73,38307100,122.54
2008-03-18,129.18,133.0,128.67,132.82,43040000,128.42
2008-03-19,133.12,134.29,129.67,129.67,36090600,125.38
2008-03-20,131.12,133.29,129.18,133.27,32456700,128.86
2008-03-24,134.01,140.85,133.64,139.53,38104300,134.91
2008-03-25,139.96,143.1,137.33,140.98,37585400,136.31
2008-03-26,140.87,145.74,140.64,145.06,42217300,140.26
2008-03-27,144.95,145.31,139.99,140.25,35708200,135.61
2008-03-28,141.8,144.65,141.6,143.01,25521800,138.28
2008-03-31,143.27,145.71,142.52,143.5,27430900,138.75
2008-04-01,146.3,149.66,143.61,149.53,36877400,144.58
2008-04-02,148.78,151.2,145.85,147.49,37320300,142.61
2008-04-03,147.06,153.63,147.0,151.61,37556000,146.59
2008-04-04,152.19,154.71,150.75,153.08,30514900,148.01
2008-04-07,156.13,159.69,155.11,155.89,41368800,150.73
2008-04-08,153.55,156.45,152.32,152.84,36224800,147.78
2008-04-09,153.31,153.89,150.46,151.44,31192800,146.43
2008-04-10,151.13,155.42,150.6,154.55,34134400,149.44
2008-04-11,152.72,153.3,146.4,147.14,43217000,142.27
2008-04-14,146.77,149.25,144.54,147.78,30181700,142.89
2008-04-15,149.4,149.72,145.72,148.38,24929900,143.47
2008-04-16,151.72,154.1,150.62,153.7,28420500,148.61
2008-04-17,154.17,156.0,153.35,154.49,25152400,149.38
2008-04-18,159.12,162.26,158.38,161.04,36670200,155.71
2008-04-21,162.21,168.5,161.76,168.16,37112600,162.6
2008-04-22,167.4,168.0,158.09,160.2,51413300,154.9
2008-04-23,164.05,164.84,161.08,162.89,53721100,157.5
2008-04-24,165.34,169.98,159.19,168.94,60573800,163.35
2008-04-25,170.7,171.1,166.42,169.73,35445500,164.11
2008-04-28,169.75,173.75,169.13,172.24,28114800,166.54
2008-04-29,171.11,175.66,170.25,175.05,32981300,169.26
2008-04-30,176.19,180.0,172.92,173.95,40697300,168.19
2008-05-01,174.96,180.0,174.86,180.0,32270600,174.04
2008-05-02,180.19,181.92,178.55,180.94,35931500,174.95
2008-05-05,181.92,185.31,181.05,184.73,30519900,178.62
2008-05-06,184.66,187.12,182.18,186.66,32816800,180.48
2008-05-07,186.05,188.2,180.54,182.59,41326200,176.55
2008-05-08,183.77,186.5,183.07,185.06,32110200,178.94
2008-05-09,183.16,184.25,181.37,183.45,24038300,177.38
2008-05-12,185.21,188.87,182.85,188.16,29234400,181.93
2008-05-13,188.61,191.45,187.86,189.96,29401300,183.67
2008-05-14,191.23,192.24,185.57,186.26,32743700,180.1
2008-05-15,186.81,189.9,184.2,189.73,31186000,183.45
2008-05-16,190.11,190.3,187.0,187.62,27348900,181.41
2008-05-19,187.86,188.69,181.3,183.6,33779300,177.52
2008-05-20,181.82,186.16,180.12,185.9,34637500,179.75
2008-05-21,185.67,187.95,176.25,178.19,41344900,172.29
2008-05-22,179.26,181.33,172.0,177.05,43097700,171.19
2008-05-23,180.77,181.99,177.8,181.17,32389900,175.17
2008-05-27,182.75,186.43,181.84,186.43,28210900,180.26
2008-05-28,187.41,187.95,183.72,187.01,26570700,180.82
2008-05-29,186.76,188.2,185.5,186.69,23113800,180.51
2008-05-30,187.45,189.54,187.38,188.75,21792300,182.5
2008-06-02,188.6,189.65,184.53,186.1,24280000,179.94
2008-06-03,186.86,188.2,182.34,185.37,26804300,179.24
2008-06-04,184.02,187.09,183.23,185.19,25963700,179.06
2008-06-05,186.34,189.84,185.7,189.43,26980200,183.16
2008-06-06,188.0,189.95,185.55,185.64,34438700,179.5
2008-06-09,184.79,184.94,175.75,181.61,67442600,175.6
2008-06-10,180.51,186.78,179.02,185.64,40728600,179.5
2008-06-11,184.34,186.0,179.59,180.81,34341100,174.83
2008-06-12,181.49,182.6,171.2,173.26,46726200,167.53
2008-06-13,171.64,174.16,165.31,172.37,48069900,166.67
2008-06-16,171.3,177.9,169.07,176.84,37561800,170.99
2008-06-17,178.1,181.99,177.41,181.43,32130600,175.43
2008-06-18,181.12,182.2,177.35,178.75,28981000,172.83
2008-06-19,178.55,182.34,176.8,180.9,28283900,174.91
2008-06-20,179.35,181.0,175.0,175.27,31727400,169.47
2008-06-23,174.74,175.88,171.56,173.16,23063600,167.43
2008-06-24,172.37,175.78,171.63,173.25,22212400,167.52
2008-06-25,174.61,178.83,173.88,177.39,23016100,171.52
2008-06-26,174.07,174.84,168.01,168.26,31057500,162.69
2008-06-27,166.51,170.57,164.15,170.09,37223200,164.46
2008-06-30,170.19,172.0,166.62,167.44,24435600,161.9
2008-07-01,164.23,174.72,164.0,174.68,39688600,168.9
2008-07-02,175.2,177.45,168.18,168.18,29911400,162.61
2008-07-03,169.59,172.17,165.75,170.12,18691500,164.49
2008-07-07,173.16,177.13,171.9,175.16,29299700,169.36
2008-07-08,175.4,179.7,172.74,179.55,31726800,173.61
2008-07-09,180.2,180.91,174.14,174.25,31992000,168.48
2008-07-10,174.92,177.34,171.37,176.63,30024600,170.78
2008-07-11,175.47,177.11,171.0,172.58,33214700,166.87
2008-07-14,179.24,179.3,173.08,173.88,31644800,168.13
2008-07-15,172.48,173.74,166.39,169.64,37144400,164.03
2008-07-16,170.2,172.93,168.6,172.81,26706800,167.09
2008-07-17,174.1,174.98,171.39,171.81,27054500,166.12
2008-07-18,168.52,169.65,165.0,165.15,31014800,159.68
2008-07-21,166.9,167.5,161.12,166.29,48588200,160.79
2008-07-22,149.0,162.76,146.53,162.02,67128300,156.66
2008-07-23,164.99,168.37,161.56,166.26,37920300,160.76
2008-07-24,164.32,165.26,158.45,159.03,29986400,153.77
2008-07-25,160.4,163.0,158.65,162.12,22629900,156.76
2008-07-28,162.34,162.47,154.02,154.4,27882600,149.29
2008-07-29,155.41,159.45,153.65,157.08,24431100,151.88
2008-07-30,157.78,160.49,156.08,159.88,25899400,154.59
2008-07-31,157.54,162.2,156.98,158.95,22767800,153.69
2008-08-01,159.9,159.99,155.75,156.66,19451400,151.48
2008-08-04,156.6,157.9,152.91,153.23,21161700,148.16
2008-08-05,155.42,160.8,154.82,160.64,24584700,155.32
2008-08-06,159.97,167.4,158.0,164.19,28264600,158.76
2008-08-07,162.71,166.15,161.5,163.57,24013300,158.16
2008-08-08,163.86,169.65,163.75,169.55,25499900,163.94
2008-08-11,170.07,176.5,169.67,173.56,31832300,167.82
2008-08-12,173.52,179.29,173.51,176.73,29867100,170.88
2008-08-13,177.98,180.0,175.9,179.3,30083800,173.37
2008-08-14,178.33,180.45,177.84,179.32,25403600,173.39
2008-08-15,179.04,179.75,175.05,175.74,25294700,169.92
2008-08-18,175.57,177.81,173.82,175.39,19714800,169.59
2008-08-19,174.54,177.07,171.81,173.53,22007300,167.79
2008-08-20,174.77,176.94,173.61,175.84,18105400,170.02
2008-08-21,174.47,175.45,171.89,174.29,19276600,168.52
2008-08-22,175.82,177.5,175.57,176.79,15700400,170.94
2008-08-25,176.15,176.23,171.66,172.55,17300900,166.84
2008-08-26,172.76,174.88,172.61,173.64,15912500,167.89
2008-08-27,173.31,175.76,172.19,174.67,17063600,168.89
2008-08-28,175.28,176.25,172.75,173.74,15406600,167.99
2008-08-29,172.96,173.5,169.04,169.53,21403200,163.92
2008-09-02,172.4,173.5,165.0,166.19,27884400,160.69
2008-09-03,166.84,168.68,164.0,166.96,26244100,161.43
2008-09-04,165.86,167.91,160.81,161.22,26549500,155.88
2008-09-05,158.59,162.4,157.65,160.18,28103000,154.88
2008-09-08,164.57,164.89,151.46,157.92,37356400,152.69
2008-09-09,156.86,159.96,149.79,151.68,44465200,146.66
2008-09-10,152.32,154.99,148.8,151.61,34755100,146.59
2008-09-11,148.18,152.99,146.0,152.65,34683400,147.6
2008-09-12,150.91,150.91,146.5,148.94,28322400,144.01
2008-09-15,142.03,147.69,140.36,140.36,32879800,135.72
2008-09-16,133.86,142.5,132.15,139.88,42851300,135.25
2008-09-17,138.49,138.51,127.83,127.83,42873400,123.6
2008-09-18,130.57,135.43,120.68,134.09,59866200,129.65
2008-09-19,142.6,144.2,136.31,140.91,51102700,136.25
2008-09-22,139.94,140.25,130.66,131.05,30596900,126.71
2008-09-23,131.85,135.8,126.66,126.84,45727300,122.64
2008-09-24,127.27,130.95,125.15,128.71,37393400,124.45
2008-09-25,129.8,134.79,128.52,131.93,35930200,127.56
2008-09-26,124.91,129.8,123.0,128.24,40230400,124.0
2008-09-29,119.62,119.68,100.59,105.26,93644900,101.78
2008-09-30,108.25,115.0,106.3,113.66,58095800,109.9
2008-10-01,111.92,112.36,107.39,109.12,46303000,105.51
2008-10-02,108.01,108.79,100.0,100.1,57477300,96.79
2008-10-03,104.0,106.5,94.65,97.07,81942800,93.86
2008-10-06,91.96,98.78,87.54,98.14,75264900,94.89
2008-10-07,100.48,101.5,88.95,89.16,67099000,86.21
2008-10-08,85.91,96.33,85.68,89.79,78847900,86.82
2008-10-09,93.35,95.8,86.6,88.74,57763700,85.8
2008-10-10,85.7,100.0,85.0,96.8,79260700,93.6
2008-10-13,104.55,110.53,101.02,110.26,54967000,106.61
2008-10-14,116.26,116.4,103.14,104.08,70749800,100.64
2008-10-15,103.84,107.0,97.89,97.95,56577700,94.71
2008-10-16,99.77,103.43,91.74,101.89,70732900,98.52
2008-10-17,99.6,102.04,85.89,97.4,62936700,94.18
2008-10-20,99.78,100.03,93.64,98.44,55280200,95.18
2008-10-21,96.95,97.9,91.16,91.49,78345000,88.46
2008-10-22,97.37,101.25,92.93,96.87,80314600,93.66
2008-10-23,96.51,99.25,91.9,98.23,59836800,94.98
2008-10-24,90.33,97.9,90.11,96.38,56787800,93.19
2008-10-27,95.07,97.63,91.86,92.09,43170400,89.04
2008-10-28,95.43,100.5,92.37,99.91,58361900,96.6
2008-10-29,100.86,109.54,99.94,104.55,69677800,101.09
2008-10-30,108.23,112.19,107.61,111.04,58503200,107.37
2008-10-31,107.4,110.78,105.14,107.59,59277000,104.03
2008-11-03,105.93,109.1,104.86,106.96,37783500,103.42
2008-11-04,109.99,111.79,106.67,110.99,49952900,107.32
2008-11-05,108.91,109.72,102.99,103.3,44873400,99.88
2008-11-06,101.05,102.78,98.0,99.1,47109800,95.82
2008-11-07,99.24,99.85,95.72,98.24,39116200,94.99
2008-11-10,100.17,100.4,94.5,95.88,40136500,92.71
2008-11-11,94.81,97.17,92.26,94.77,43733500,91.63
2008-11-12,92.43,93.24,90.01,90.12,42106300,87.14
2008-11-13,89.87,96.44,86.02,96.44,66217400,93.25
2008-11-14,93.76,93.99,90.0,90.24,50188100,87.25
2008-11-17,88.48,90.55,87.26,88.14,41518800,85.22
2008-11-18,89.64,90.99,86.86,89.91,43203400,86.93
2008-11-19,89.44,91.58,86.21,86.29,41853600,83.43
2008-11-20,85.24,86.45,80.0,80.49,61314800,77.83
2008-11-21,81.93,84.12,79.14,82.58,56045400,79.85
2008-11-24,85.21,94.79,84.84,92.95,51509200,89.87
2008-11-25,94.63,94.71,88.16,90.8,44117600,87.8
2008-11-26,89.92,95.25,89.85,95.0,32137000,91.86
2008-11-28,94.7,94.76,91.86,92.67,10634800,89.6
2008-12-01,91.3,92.27,88.92,88.93,32991700,85.99
2008-12-02,90.03,92.65,86.5,92.47,41025800,89.41
2008-12-03,89.4,96.23,88.8,95.9,47810000,92.73
2008-12-04,94.43,95.21,89.06,91.41,38977500,88.39
2008-12-05,90.35,94.49,88.86,94.0,37278400,90.89
2008-12-08,97.28,100.8,95.8,99.72,42326500,96.42
2008-12-09,98.04,103.6,97.21,100.06,42982000,96.75
2008-12-10,97.87,99.49,96.5,98.21,33501700,94.96
2008-12-11,97.35,101.24,94.83,95.0,37164900,91.86
2008-12-12,92.8,99.0,92.53,98.27,37184800,95.02
2008-12-15,95.99,96.21,93.0,94.75,31848500,91.61
2008-12-16,93.98,96.48,92.75,95.43,39053800,92.27
2008-12-17,91.03,91.1,88.02,89.16,46209300,86.21
2008-12-18,89.31,90.83,88.44,89.43,30622000,86.47
2008-12-19,89.94,90.94,88.8,90.0,28640000,87.02
2008-12-22,90.02,90.03,84.69,85.74,30169300,82.9
2008-12-23,86.87,87.87,85.9,86.38,22679700,83.52
2008-12-24,86.14,86.25,84.55,85.04,9690500,82.23
2008-12-26,86.64,87.42,85.24,85.81,11011600,82.97
2008-12-29,86.52,87.62,85.07,86.61,24500000,83.74
2008-12-30,87.42,88.05,84.72,86.29,34557200,83.43
2008-12-31,85.97,87.74,85.34,85.35,21697900,82.53
2009-01-02,85.88,91.04,85.16,90.75,26643400,87.75
2009-01-05,93.17,96.18,92.71,94.58,42200300,91.45
2009-01-06,95.95,97.17,92.39,93.02,46046800,89.94
2009-01-07,91.81,92.5,90.26,91.01,26894600,88.0
2009-01-08,90.43,93.15,90.04,92.7,23912000,89.63
2009-01-09,93.21,93.38,90.14,90.58,19530200,87.58
2009-01-12,90.46,90.99,87.55,88.66,22061300,85.73
2009-01-13,88.24,89.74,86.35,87.71,28514200,84.81
2009-01-14,86.24,87.25,84.72,85.33,36488000,82.51
2009-01-15,80.57,84.12,80.05,83.38,65415500,80.62
2009-01-16,84.3,84.38,80.4,82.33,37415200,79.61
2009-01-20,81.93,82.0,78.2,78.2,32854100,75.61
2009-01-21,79.39,82.88,79.31,82.83,38902500,80.09
2009-01-22,88.04,90.0,85.82,88.36,50340300,85.44
2009-01-23,86.82,89.87,86.5,88.36,27277500,85.44
2009-01-26,88.86,90.97,88.3,89.64,24722800,86.67
2009-01-27,90.19,91.55,89.74,90.73,22072800,87.73
2009-01-28,92.12,95.0,91.5,94.2,30764500,91.08
2009-01-29,93.09,94.34,92.6,93.0,21168900,89.92
2009-01-30,92.6,93.62,90.01,90.13,23267100,87.15
2009-02-02,89.1,92.0,88.9,91.51,19937400,88.48
2009-02-03,91.92,93.38,90.28,92.98,21403900,89.9
2009-02-04,93.22,96.25,93.1,93.55,28872200,90.45
2009-02-05,92.77,97.25,92.62,96.46,26758800,93.27
2009-02-06,97.02,100.0,97.0,99.72,24543200,96.42
2009-02-09,100.0,103.0,99.5,102.51,25536100,99.12
2009-02-10,101.33,102.51,97.06,97.83,30323600,94.59
2009-02-11,96.37,98.31,95.77,96.82,24106200,93.62
2009-02-12,95.83,99.75,95.83,99.27,29185300,95.98
2009-02-13,98.99,99.94,98.12,99.16,21749200,95.88
2009-02-17,96.87,97.04,94.28,94.53,24222800,91.4
2009-02-18,95.05,95.85,92.72,94.37,24456400,91.25
2009-02-19,93.37,94.25,90.11,90.64,32957300,87.64
2009-02-20,89.4,92.4,89.0,91.2,26797000,88.18
2009-02-23,91.65,92.0,86.51,86.95,28106500,84.07
2009-02-24,87.45,90.89,87.0,90.25,28825200,87.26
2009-02-25,89.86,92.92,89.25,91.16,29751900,88.14
2009-02-26,92.0,92.92,88.96,89.19,22495300,86.24
2009-02-27,87.93,91.3,87.67,89.31,25237800,86.35
2009-03-02,88.12,91.2,87.67,87.94,27533200,85.03
2009-03-03,88.93,90.74,87.88,88.37,25869300,85.45
2009-03-04,90.18,92.77,89.45,91.17,26478700,88.15
2009-03-05,90.46,91.87,88.45,88.84,25246400,85.9
2009-03-06,88.34,88.4,82.33,85.3,36112400,82.48
2009-03-09,84.18,87.6,82.57,83.11,24939200,80.36
2009-03-10,84.87,89.17,84.36,88.63,30152100,85.7
2009-03-11,89.81,94.07,89.58,92.68,30227600,89.61
2009-03-12,92.9,96.58,92.0,96.35,27444900,93.16
2009-03-13,96.3,97.2,95.01,95.93,21470300,92.76
2009-03-16,96.53,97.39,94.18,95.42,28473000,92.26
2009-03-17,95.24,99.69,95.07,99.66,28094500,96.36
2009-03-18,99.91,103.48,99.72,101.52,28429900,98.16
2009-03-19,101.85,103.2,100.25,101.62,17863600,98.26
2009-03-20,102.09,103.11,100.57,101.59,24842400,98.23
2009-03-23,102.71,108.16,101.75,107.66,23799900,104.1
2009-03-24,106.36,109.44,105.39,106.5,22879000,102.98
2009-03-25,107.58,108.36,103.86,106.49,23093500,102.97
2009-03-26,107.83,109.98,107.58,109.87,22009000,106.23
2009-03-27,108.23,108.53,106.4,106.85,17602600,103.31
2009-03-30,104.51,105.01,102.61,104.49,17957000,101.03
2009-03-31,105.45,107.45,105.0,105.12,20338500,101.64
2009-04-01,104.09,109.0,103.89,108.69,21049000,105.09
2009-04-02,110.14,114.75,109.78,112.71,29013100,108.98
2009-04-03,114.19,116.13,113.52,115.99,22722900,112.15
2009-04-06,114.94,118.75,113.28,118.45,23502300,114.53
2009-04-07,116.53,116.67,114.19,115.0,19163600,111.19
2009-04-08,115.43,116.79,114.58,116.32,16272500,112.47
2009-04-09,118.42,120.0,117.96,119.57,18955600,115.61
2009-04-13,120.01,120.98,119.0,120.22,13901300,116.24
2009-04-14,119.57,120.17,117.25,118.31,16236500,114.39
2009-04-15,117.2,118.25,115.76,117.64,14745800,113.75
2009-04-16,119.19,123.15,118.79,121.45,21194500,117.43
2009-04-17,121.18,124.25,120.25,123.42,17767700,119.34
2009-04-20,121.73,122.99,119.16,120.5,16659500,116.51
2009-04-21,118.89,122.14,118.6,121.76,16810200,117.73
2009-04-22,122.63,125.35,121.2,121.51,33527400,117.49
2009-04-23,126.62,127.2,123.51,125.4,33755600,121.25
2009-04-24,124.64,125.14,122.97,123.9,19313000,119.8
2009-04-27,122.9,125.0,122.66,124.73,17167500,120.6
2009-04-28,123.35,126.21,123.26,123.9,16280600,119.8
2009-04-29,124.85,126.85,123.83,125.14,16361100,121.0
2009-04-30,126.22,127.0,124.92,125.83,17803200,121.67
2009-05-01,125.8,127.95,125.8,127.24,14197000,123.03
2009-05-04,128.24,132.25,127.68,132.07,21762800,127.7
2009-05-05,131.75,132.86,131.12,132.71,14223400,128.32
2009-05-06,133.33,133.5,130.22,132.5,16912100,128.12
2009-05-07,132.33,132.39,127.9,129.06,18992000,124.79
2009-05-08,129.04,131.23,126.26,129.19,16713000,124.91
2009-05-11,127.37,130.96,127.12,129.57,14452100,125.28
2009-05-12,129.56,129.71,123.25,124.42,21767200,120.3
2009-05-13,123.21,124.02,119.38,119.49,21284700,115.54
2009-05-14,119.78,123.53,119.7,122.95,15993800,118.88
2009-05-15,122.32,124.62,121.61,122.42,13127400,118.37
2009-05-18,123.73,126.7,121.57,126.65,16387200,122.46
2009-05-19,126.82,129.31,125.74,127.45,13300800,123.23
2009-05-20,127.63,129.21,125.3,125.87,13878000,121.7
2009-05-21,125.15,126.78,122.89,124.18,14569500,120.07
2009-05-22,124.05,124.18,121.75,122.5,10642800,118.45
2009-05-26,124.76,130.83,124.55,130.78,22747400,126.45
2009-05-27,131.78,134.98,130.91,133.05,23086500,128.65
2009-05-28,133.45,135.39,132.03,135.07,17412600,130.6
2009-05-29,135.39,135.9,133.85,135.81,16304800,131.32
2009-06-01,136.47,139.99,136.0,139.35,16160700,134.74
2009-06-02,138.99,141.34,138.35,139.49,16293700,134.87
2009-06-03,140.0,141.11,139.07,140.95,20185700,136.29
2009-06-04,140.13,144.18,140.04,143.74,19665500,138.98
2009-06-05,145.31,146.4,143.21,144.67,22597000,139.88
2009-06-08,143.82,144.23,139.43,143.85,33273300,139.09
2009-06-09,143.81,144.56,140.55,142.72,24177300,138.0
2009-06-10,142.28,142.35,138.3,140.25,24593700,135.61
2009-06-11,139.55,141.56,138.55,139.95,18743700,135.32
2009-06-12,138.81,139.1,136.04,136.97,20110200,132.44
2009-06-15,136.01,136.93,134.89,136.09,19276800,131.59
2009-06-16,136.66,138.47,136.1,136.35,18385900,131.84
2009-06-17,136.67,137.45,134.53,135.58,20407600,131.09
2009-06-18,136.11,138.0,135.59,135.88,15274300,131.38
2009-06-19,138.07,139.5,136.9,139.48,25780600,134.86
2009-06-22,140.67,141.56,136.33,137.37,22675500,132.82
2009-06-23,136.4,136.95,132.88,134.01,25233300,129.58
2009-06-24,135.42,137.5,134.86,136.22,17340200,131.71
2009-06-25,135.75,140.2,135.21,139.86,21051700,135.23
2009-06-26,139.79,143.56,139.74,142.44,15692300,137.73
2009-06-29,143.46,143.95,141.54,141.97,20272000,137.27
2009-06-30,142.58,143.8,141.8,142.43,15508000,137.72
2009-07-01,143.5,144.66,142.52,142.83,14792100,138.1
2009-07-02,141.25,142.83,139.79,140.02,13231400,135.39
2009-07-06,138.7,138.99,136.25,138.61,17810300,134.02
2009-07-07,138.48,139.68,135.18,135.4,16485600,130.92
2009-07-08,135.92,138.04,134.42,137.22,20568900,132.68
2009-07-09,137.76,137.99,135.93,136.36,12250900,131.85
2009-07-10,136.34,138.97,136.32,138.52,15902700,133.94
2009-07-13,139.54,142.34,137.53,142.34,17267900,137.63
2009-07-14,142.03,143.18,141.16,142.27,12401700,137.56
2009-07-15,145.04,147.0,144.32,146.88,17342400,142.02
2009-07-16,145.76,148.02,145.57,147.52,14056100,142.64
2009-07-17,149.08,152.02,148.63,151.75,21505500,146.73
2009-07-20,153.27,155.04,150.89,152.91,26268800,147.85
2009-07-21,153.29,153.43,149.75,151.51,31242200,146.5
2009-07-22,157.79,158.73,156.11,156.74,31218000,151.55
2009-07-23,156.63,158.44,155.56,157.82,18820100,152.6
2009-07-24,156.95,160.0,156.5,159.99,15655800,154.7
2009-07-27,160.17,160.88,157.26,160.1,15475400,154.8
2009-07-28,158.88,160.1,157.6,160.0,12984100,154.71
2009-07-29,158.9,160.45,158.25,160.03,13648500,154.73
2009-07-30,161.7,164.72,161.5,162.79,16771600,157.4
2009-07-31,162.99,165.0,162.91,163.39,15090600,157.98
2009-08-03,165.21,166.64,164.87,166.43,14080000,160.92
2009-08-04,164.93,165.57,164.21,165.55,14136100,160.07
2009-08-05,165.75,167.39,164.21,165.11,15113700,159.65
2009-08-06,165.58,166.51,163.09,163.91,12200600,158.49
2009-08-07,165.49,166.6,164.8,165.51,13834100,160.03
2009-08-10,165.66,166.6,163.66,164.72,10724800,159.27
2009-08-11,163.69,164.38,161.88,162.83,12690800,157.44
2009-08-12,162.55,166.71,162.46,165.31,15895400,159.84
2009-08-13,166.65,168.67,166.5,168.42,15713600,162.85
2009-08-14,167.94,168.23,165.53,166.78,10922000,161.26
2009-08-17,163.55,163.59,159.42,159.59,18727900,154.31
2009-08-18,161.63,164.24,161.41,164.0,15398300,158.57
2009-08-19,162.75,165.3,162.45,164.6,14759700,159.15
2009-08-20,164.98,166.72,164.61,166.33,12215400,160.83
2009-08-21,167.65,169.37,166.8,169.22,14859800,163.62
2009-08-24,170.12,170.71,168.27,169.06,14533200,163.47
2009-08-25,169.46,170.94,169.13,169.4,11584100,163.79
2009-08-26,168.92,169.55,166.76,167.41,10857100,161.87
2009-08-27,168.75,169.57,164.83,169.45,16042200,163.84
2009-08-28,172.27,172.49,168.53,170.05,16203600,164.42
2009-08-31,168.16,168.85,166.5,168.21,11119200,162.64
2009-09-01,167.99,170.0,164.94,165.3,16751000,159.83
2009-09-02,164.62,167.61,164.11,165.18,13008900,159.71
2009-09-03,166.44,167.1,165.0,166.55,10498400,161.04
2009-09-04,167.28,170.7,167.09,170.31,13379600,164.67
2009-09-08,172.98,173.14,172.0,172.93,11251700,167.21
2009-09-09,172.78,174.47,169.7,171.14,28967400,165.48
2009-09-10,172.06,173.25,170.81,172.56,17540500,166.85
2009-09-11,172.91,173.18,170.87,172.16,12462900,166.46
2009-09-14,170.83,173.9,170.25,173.72,11500400,167.97
2009-09-15,174.04,175.65,173.59,175.16,15231100,169.36
2009-09-16,177.99,182.75,177.88,181.87,26929400,175.85
2009-09-17,181.98,186.79,181.97,184.55,28949000,178.44
2009-09-18,185.83,186.55,184.76,185.02,21485100,178.9
2009-09-21,184.29,185.16,181.62,184.02,15632700,177.93
2009-09-22,185.19,185.38,182.85,184.48,12741200,178.38
2009-09-23,185.4,188.9,185.03,185.5,21198700,179.36
2009-09-24,187.2,187.7,182.77,183.82,19674300,177.74
2009-09-25,182.01,185.5,181.44,182.37,15901400,176.33
2009-09-28,183.87,186.68,183.33,186.15,12051600,179.99
2009-09-29,186.73,187.4,184.31,185.38,12335200,179.25
2009-09-30,186.13,186.45,182.61,185.35,19270900,179.22
2009-10-01,185.35,186.22,180.7,180.86,18739700,174.87
2009-10-02,181.41,185.94,181.35,184.9,19761000,178.78
2009-10-05,186.2,186.86,184.27,186.02,15111900,179.86
2009-10-06,187.74,190.01,187.3,190.01,21610200,183.72
2009-10-07,189.76,190.55,189.03,190.25,16631000,183.95
2009-10-08,190.66,191.45,188.89,189.27,15650400,183.01
2009-10-09,188.97,190.7,188.62,190.47,10474000,184.17
2009-10-12,191.02,191.51,189.64,190.81,10286600,184.5
2009-10-13,190.63,191.17,189.7,190.02,12429300,183.73
2009-10-14,192.25,192.32,190.23,191.29,13411100,184.96
2009-10-15,189.63,190.92,189.53,190.56,13341300,184.25
2009-10-16,189.35,190.36,187.84,188.05,15408100,181.83
2009-10-19,187.85,190.0,185.55,189.86,33651100,183.58
2009-10-20,200.6,201.75,197.85,198.76,40751400,192.18
2009-10-21,199.52,208.71,199.23,204.92,42633100,198.14
2009-10-22,204.7,207.85,202.51,205.2,28264000,198.41
2009-10-23,205.7,205.8,203.23,203.94,15028100,197.19
2009-10-26,203.67,206.75,200.1,202.48,17297800,195.78
2009-10-27,201.66,202.81,196.45,197.37,27019700,190.84
2009-10-28,197.71,198.02,191.1,192.4,29228100,186.03
2009-10-29,195.0,196.81,192.14,196.35,20366800,189.85
2009-10-30,196.06,196.8,188.17,188.5,25625900,182.26
2009-11-02,189.8,192.88,185.57,189.31,24249400,183.05
2009-11-03,187.85,189.52,185.92,188.75,18662200,182.5
2009-11-04,190.73,193.85,190.23,190.81,17411800,184.5
2009-11-05,192.4,195.0,191.82,194.03,13742900,187.61
2009-11-06,192.51,195.19,192.4,194.34,10539200,187.91
2009-11-09,196.94,201.9,196.26,201.46,18887700,194.79
2009-11-10,201.02,204.98,201.01,202.98,14328400,196.26
2009-11-11,204.56,205.0,201.83,203.25,15852500,196.52
2009-11-12,203.14,204.87,201.43,201.99,12990400,195.31
2009-11-13,202.87,204.83,202.07,204.45,12258600,197.68
2009-11-16,205.48,208.0,205.01,206.63,17328800,199.79
2009-11-17,206.08,207.44,205.0,207.0,14161200,200.15
2009-11-18,206.54,207.0,204.0,205.96,13368600,199.14
2009-11-19,204.61,204.61,199.8,200.51,19368800,193.87
2009-11-20,199.15,200.39,197.76,199.92,14523800,193.3
2009-11-23,203.0,206.0,202.95,205.88,16960600,199.07
2009-11-24,205.33,205.88,202.9,204.44,11372800,197.67
2009-11-25,205.4,205.65,203.76,204.19,10230500,197.43
2009-11-27,199.22,202.96,198.37,200.59,10544900,193.95
2009-11-30,201.11,201.68,198.77,199.91,15173500,193.29
2009-12-01,202.24,202.77,196.83,196.97,16634400,190.45
2009-12-02,198.96,201.42,195.75,196.23,25545000,189.74
2009-12-03,197.42,198.98,196.27,196.48,16025700,189.98
2009-12-04,199.7,199.88,190.28,193.32,29531600,186.92
2009-12-07,193.32,193.77,188.68,188.95,25527100,182.7
2009-12-08,189.36,192.35,188.7,189.87,24657100,183.59
2009-12-09,191.28,198.16,190.31,197.8,24456500,191.25
2009-12-10,199.5,199.7,196.12,196.43,17488200,189.93
2009-12-11,197.78,198.0,193.43,194.67,15349100,188.23
2009-12-14,195.37,197.43,192.56,196.98,17706800,190.46
2009-12-15,195.83,197.51,193.27,194.17,14980700,187.74
2009-12-16,195.1,196.5,194.55,195.03,12606600,188.58
2009-12-17,194.26,195.0,191.0,191.86,13887100,185.51
2009-12-18,193.17,195.5,192.6,195.43,21741800,188.96
2009-12-21,196.05,199.75,195.67,198.23,21853800,191.67
2009-12-22,199.44,200.85,198.66,200.36,12482700,193.73
2009-12-23,201.2,202.38,200.81,202.1,12340200,195.41
2009-12-24,203.55,209.35,203.35,209.04,17888900,202.12
2009-12-28,211.72,213.95,209.61,211.61,23020200,204.61
2009-12-29,212.63,212.72,208.73,209.1,15900200,202.18
2009-12-30,208.83,212.0,208.31,211.64,14717300,204.64
2009-12-31,213.13,213.35,210.56,210.73,12586100,203.76
2010-01-04,213.43,214.5,212.38,214.01,17633200,206.93
2010-01-05,214.6,215.59,213.25,214.38,21496600,207.29
2010-01-06,214.38,215.23,210.75,210.97,19720000,203.99
2010-01-07,211.75,212.0,209.05,210.58,17040400,203.61
2010-01-08,210.3,212.0,209.06,211.98,15986100,204.97
2010-01-11,212.8,213.0,208.45,210.11,16508200,203.16
2010-01-12,209.19,209.77,206.42,207.72,21230700,200.85
2010-01-13,207.87,210.93,204.1,210.65,21639000,203.68
2010-01-14,210.11,210.46,209.02,209.43,15460500,202.5
2010-01-15,210.93,211.6,205.87,205.93,21216700,199.12
2010-01-19,208.33,215.19,207.24,215.04,26071700,207.92
2010-01-20,214.91,215.55,209.5,211.73,21862600,204.72
2010-01-21,212.08,213.31,207.21,208.07,21719800,201.18
2010-01-22,206.78,207.5,197.16,197.75,31491700,191.21
2010-01-25,202.51,204.7,200.19,203.07,38060700,196.35
2010-01-26,205.95,213.71,202.58,205.94,66682500,199.12
2010-01-27,206.85,210.58,199.53,207.88,61520300,201.0
2010-01-28,204.93,205.5,198.7,199.29,41910800,192.7
2010-01-29,201.08,202.2,190.25,192.06,44498300,185.7
2010-02-01,192.37,196.0,191.3,194.73,26781300,188.29
2010-02-02,195.91,196.32,193.38,195.86,24940800,189.38
2010-02-03,195.17,200.2,194.42,199.23,21976000,192.64
2010-02-04,196.73,198.37,191.57,192.05,27059000,185.69
2010-02-05,192.63,196.0,190.85,195.46,30368100,188.99
2010-02-08,195.69,197.88,194.0,194.12,17081100,187.7
2010-02-09,196.42,197.5,194.75,196.19,22603100,189.7
2010-02-10,195.89,196.6,194.26,195.12,13227200,188.66
2010-02-11,194.88,199.75,194.06,198.67,19655200,192.1
2010-02-12,198.11,201.64,195.5,200.38,23409600,193.75
2010-02-16,201.94,203.69,201.52,203.4,19419200,196.67
2010-02-17,204.19,204.31,200.86,202.55,15585600,195.85
2010-02-18,201.63,203.89,200.92,202.93,15100900,196.21
2010-02-19,201.86,203.2,201.11,201.67,14838200,195.0
2010-02-22,202.34,202.5,199.19,200.42,13948700,193.79
2010-02-23,200.0,201.33,195.71,197.06,20539100,190.54
2010-02-24,198.23,201.44,197.84,200.66,16448800,194.02
2010-02-25,197.38,202.86,196.89,202.0,23754500,195.32
2010-02-26,202.38,205.17,202.0,204.62,18123600,197.85
2010-03-01,205.75,209.5,205.45,208.99,19646200,202.07
2010-03-02,209.93,210.83,207.74,208.85,20233800,201.94
2010-03-03,208.94,209.87,207.94,209.33,13287600,202.4
2010-03-04,209.28,210.92,208.63,210.71,13072900,203.74
2010-03-05,214.94,219.7,214.63,218.95,32129300,211.7
2010-03-08,220.01,220.09,218.25,219.08,15353200,211.83
2010-03-09,218.31,225.0,217.89,223.02,32866400,215.64
2010-03-10,223.83,225.48,223.2,224.84,21293500,217.4
2010-03-11,223.91,225.5,223.32,225.5,14489300,218.04
2010-03-12,227.37,227.73,225.75,226.6,14868700,219.1
2010-03-15,225.38,225.5,220.25,223.84,17625100,216.43
2010-03-16,224.18,224.98,222.51,224.45,15961000,217.02
2010-03-17,224.9,226.45,223.27,224.12,16105600,216.7
2010-03-18,224.1,225.0,222.61,224.65,12218200,217.22
2010-03-19,224.79,225.24,221.23,222.25,19980200,214.9
2010-03-22,220.47,226.0,220.15,224.75,16300700,217.31
2010-03-23,225.64,228.78,224.1,228.36,21515400,220.8
2010-03-24,227.64,230.2,227.51,229.37,21349300,221.78
2010-03-25,230.92,230.97,226.25,226.65,19367300,219.15
2010-03-26,228.95,231.95,228.55,230.9,22888400,223.26
2010-03-29,233.0,233.87,231.62,232.39,19312300,224.7
2010-03-30,236.6,237.48,234.25,235.85,18832500,228.05
2010-03-31,235.49,236.61,234.46,235.0,15380700,227.22
2010-04-01,237.41,238.73,232.75,235.97,21540900,228.16
2010-04-05,234.98,238.51,234.77,238.49,24446700,230.6
2010-04-06,238.2,240.24,237.0,239.54,15964900,231.61
2010-04-07,239.55,241.92,238.66,240.6,22446500,232.64
2010-04-08,240.44,241.54,238.04,239.95,20463900,232.01
2010-04-09,241.43,241.89,240.46,241.79,11935100,233.79
2010-04-12,242.2,243.07,241.81,242.29,11893800,234.27
2010-04-13,241.86,242.8,241.11,242.43,10936100,234.41
2010-04-14,245.28,245.81,244.07,245.69,14431300,237.56
2010-04-15,245.78,249.03,245.51,248.92,13456600,240.68
2010-04-16,248.57,251.14,244.55,247.4,26805200,239.21
2010-04-19,247.03,247.89,241.77,247.07,20247300,238.89
2010-04-20,248.54,249.25,242.96,244.59,26368800,236.5
2010-04-21,258.8,260.25,255.73,259.22,35085400,250.64
2010-04-22,258.24,266.75,256.2,266.47,28336600,257.65
2010-04-23,267.99,272.18,267.0,270.83,28462700,261.87
2010-04-26,271.88,272.46,268.19,269.5,17109600,260.58
2010-04-27,267.27,267.84,260.52,262.04,25333700,253.37
2010-04-28,263.25,264.0,256.41,261.6,27085800,252.94
2010-04-29,263.02,270.0,262.01,268.64,19958600,259.75
2010-04-30,269.31,270.57,261.0,261.09,19373700,252.45
2010-05-03,263.84,267.88,262.88,266.35,16226500,257.54
2010-05-04,262.89,263.29,256.75,258.68,25850700,250.12
2010-05-05,253.03,258.14,248.73,255.99,31539400,247.52
2010-05-06,253.83,258.25,199.25,246.25,45923600,238.1
2010-05-07,243.71,246.57,225.21,235.86,59857800,228.05
2010-05-10,250.25,254.65,248.53,253.99,35153800,245.58
2010-05-11,251.84,259.89,250.5,256.52,30318100,248.03
2010-05-12,259.24,263.13,258.7,262.09,23370700,253.42
2010-05-13,263.22,265.0,256.4,258.36,21418300,249.81
2010-05-14,255.16,256.48,249.5,253.82,27120100,245.42
2010-05-17,254.7,256.18,247.71,254.22,27244100,245.81
2010-05-18,256.98,258.55,250.26,252.36,27952800,244.01
2010-05-19,249.5,252.92,244.85,248.34,36633100,240.12
2010-05-20,241.88,243.85,236.21,237.76,45818400,229.89
2010-05-21,232.82,244.5,231.35,242.32,43710400,234.3
2010-05-24,247.28,250.9,246.26,246.76,26937100,238.59
2010-05-25,239.35,246.76,237.16,245.22,37428800,237.11
2010-05-26,250.08,252.13,243.75,244.11,30380500,236.03
2010-05-27,250.6,253.89,249.11,253.35,23795800,244.97
2010-05-28,259.39,259.4,253.35,256.88,29129100,248.38
2010-06-01,259.69,265.94,258.96,260.83,31302600,252.2
2010-06-02,264.54,264.8,260.33,263.95,24591000,255.22
2010-06-03,265.18,265.55,260.41,263.12,23218100,254.41
2010-06-04,258.21,261.9,254.63,255.96,27082300,247.49
2010-06-07,258.29,259.15,250.55,250.94,31676500,242.64
2010-06-08,253.24,253.8,245.65,249.33,35741800,241.08
2010-06-09,251.47,251.9,242.49,243.2,30522500,235.15
2010-06-10,244.84,250.98,242.2,250.51,27727000,242.22
2010-06-11,248.23,253.86,247.37,253.51,19491400,245.12
2010-06-14,255.96,259.15,254.01,254.28,21534300,245.87
2010-06-15,255.64,259.85,255.5,259.69,20895500,251.1
2010-06-16,261.1,267.75,260.63,267.25,27988500,258.41
2010-06-17,270.6,272.9,269.5,271.87,31173400,262.87
2010-06-18,272.25,275.0,271.42,274.07,28022200,265.0
2010-06-21,277.69,279.01,268.73,270.17,27731800,261.23
2010-06-22,272.16,275.97,271.5,273.85,25616500,264.79
2010-06-23,274.58,274.66,267.9,270.97,27444900,262.0
2010-06-24,271.0,273.2,268.1,269.0,25509900,260.1
2010-06-25,270.06,270.27,265.81,266.7,19640800,257.87
2010-06-28,266.93,269.75,264.52,268.3,20891000,259.42
2010-06-29,264.12,264.39,254.3,256.17,40476600,247.69
2010-06-30,256.71,257.97,250.01,251.53,26409000,243.21
2010-07-01,254.3,254.8,243.22,248.48,36532000,240.26
2010-07-02,250.49,250.93,243.2,246.94,24780100,238.77
2010-07-06,251.0,252.8,246.16,248.63,21972700,240.4
2010-07-07,250.49,258.77,249.75,258.67,23377000,250.11
2010-07-08,262.48,262.9,254.89,258.09,26362300,249.55
2010-07-09,256.89,259.9,255.16,259.62,15475800,251.03
2010-07-12,258.53,261.85,254.86,257.29,20102800,248.78
2010-07-13,256.32,256.4,246.43,251.8,42533000,243.47
2010-07-14,249.38,255.8,249.0,252.73,29001700,244.37
2010-07-15,248.23,256.97,247.3,251.45,29459500,243.13
2010-07-16,253.18,254.97,248.41,249.9,37137800,241.63
2010-07-19,249.88,249.88,239.6,245.58,36588500,237.45
2010-07-20,242.9,252.9,240.01,251.89,38391100,243.55
2010-07-21,265.09,265.15,254.0,254.24,42345400,245.83
2010-07-22,257.68,260.0,255.31,259.02,23047100,250.45
2010-07-23,257.09,260.38,256.28,259.94,19049600,251.34
2010-07-26,260.0,260.1,257.71,259.28,15019700,250.7
2010-07-27,260.87,264.8,260.3,264.08,20884700,255.34
2010-07-28,263.67,265.99,260.25,260.96,18570900,252.32
2010-07-29,260.71,262.65,256.1,258.11,22993100,249.57
2010-07-30,255.89,259.7,254.9,257.25,16007500,248.74
2010-08-02,260.44,262.59,259.62,261.85,15287700,253.18
2010-08-03,261.01,263.26,259.42,261.93,14916200,253.26
2010-08-04,262.84,264.28,260.31,262.98,15013400,254.28
2010-08-05,261.73,263.18,260.55,261.7,10324900,253.04
2010-08-06,259.78,261.49,257.63,260.09,15889200,251.48
2010-08-09,261.48,262.15,259.57,261.75,10826000,253.09
2010-08-10,259.85,260.45,257.55,259.41,16140000,250.83
2010-08-11,255.4,255.69,249.81,250.19,22144800,241.91
2010-08-12,246.69,253.1,246.12,251.79,19104300,243.46
2010-08-13,251.65,251.88,249.09,249.1,12673900,240.86
2010-08-16,247.58,250.01,246.62,247.64,11372500,239.45
2010-08-17,250.08,254.63,249.2,251.97,15094300,243.63
2010-08-18,252.36,254.67,251.58,253.07,12132000,244.7
2010-08-19,252.84,253.48,248.68,249.88,15239500,241.61
2010-08-20,249.39,253.92,249.0,249.64,13722500,241.38
2010-08-23,251.79,252.0,245.25,245.8,14787200,237.67
2010-08-24,242.67,243.0,238.65,239.93,21520200,231.99
2010-08-25,238.04,243.99,237.2,242.89,21316700,234.85
2010-08-26,245.45,245.75,240.28,240.28,16660900,232.33
2010-08-27,241.75,242.61,235.56,241.62,19585400,233.62
2010-08-30,240.76,245.75,240.68,242.5,13688900,234.48
2010-08-31,241.85,244.56,240.35,243.1,15028100,235.06
2010-09-01,247.47,251.46,246.28,250.33,24894200,242.05
2010-09-02,251.26,252.17,248.57,252.17,14836700,243.83
2010-09-03,255.09,258.78,254.5,258.77,18599600,250.21
2010-09-07,256.64,259.53,256.25,257.81,12234200,249.28
2010-09-08,259.78,264.39,259.1,262.92,18805400,254.22
2010-09-09,265.04,266.52,262.92,263.07,15663400,254.36
2010-09-10,263.19,264.5,261.4,263.41,13840800,254.69
2010-09-13,265.82,268.28,265.76,267.04,13885000,258.2
2010-09-14,266.21,269.17,265.52,268.06,14576800,259.19
2010-09-15,268.17,270.38,267.84,270.22,15334600,261.28
2010-09-16,270.24,276.67,269.5,276.57,23289400,267.42
2010-09-17,277.69,277.96,273.68,275.37,22659900,266.26
2010-09-20,276.08,283.78,275.85,283.23,23524200,273.86
2010-09-21,283.86,287.35,282.79,283.77,23859800,274.38
2010-09-22,282.71,287.98,282.41,287.75,20903200,278.23
2010-09-23,286.33,292.76,286.0,288.92,28075600,279.36
2010-09-24,292.1,293.53,290.55,292.32,23196000,282.65
2010-09-27,293.98,294.73,291.01,291.16,17244100,281.52
2010-09-28,291.77,291.77,275.0,286.86,36965800,277.37
2010-09-29,287.23,289.81,286.0,287.37,16773000,277.86
2010-09-30,289.0,290.0,281.25,283.75,24049700,274.36
2010-10-01,286.15,286.58,281.35,282.52,16005100,273.17
2010-10-04,281.6,282.9,277.77,278.64,15546500,269.42
2010-10-05,282.0,289.45,281.82,288.94,17927400,279.38
2010-10-06,289.59,291.99,285.26,289.19,23959600,279.62
2010-10-07,290.34,290.48,286.91,289.22,14585700,279.65
2010-10-08,291.71,294.5,290.0,294.07,23514400,284.34
2010-10-11,294.74,297.24,294.6,295.36,15276900,285.59
2010-10-12,295.41,299.5,292.49,298.54,19948000,288.66
2010-10-13,300.2,301.96,299.8,300.14,22503300,290.21
2010-10-14,301.69,302.47,300.4,302.31,15546300,292.31
2010-10-15,307.44,315.0,304.91,314.74,32935500,304.32
2010-10-18,318.47,319.0,314.29,318.0,39036100,307.48
2010-10-19,303.4,313.77,300.02,309.49,44028000,299.25
2010-10-20,309.0,314.25,306.87,310.53,25772300,300.25
2010-10-21,312.36,314.74,306.8,309.52,19695000,299.28
2010-10-22,309.07,310.04,306.3,307.47,13313500,297.3
2010-10-25,309.09,311.6,308.44,308.84,14016500,298.62
2010-10-26,306.87,309.74,305.65,308.05,14033200,297.86
2010-10-27,307.65,309.9,305.6,307.83,14250100,297.64
2010-10-28,307.95,308.0,300.9,305.24,19680400,295.14
2010-10-29,304.23,305.88,300.87,300.98,15375400,291.02
2010-11-01,302.22,305.6,302.2,304.18,15138900,294.11
2010-11-02,307.0,310.19,307.0,309.36,15497500,299.12
2010-11-03,311.37,312.88,308.53,312.8,18155300,302.45
2010-11-04,315.45,320.18,315.03,318.27,22946000,307.74
2010-11-05,317.99,319.57,316.75,317.13,12901900,306.64
2010-11-08,317.2,319.77,316.76,318.62,10062800,308.08
2010-11-09,321.05,321.3,314.5,316.08,13698000,305.62
2010-11-10,316.64,318.77,313.55,318.03,13722400,307.51
2010-11-11,315.0,318.4,314.25,316.65,12903000,306.17
2010-11-12,316.0,316.5,303.63,308.03,28423100,297.84
2010-11-15,308.46,310.54,306.27,307.04,14414500,296.88
2010-11-16,305.72,307.6,299.32,301.59,23487500,291.61
2010-11-17,301.2,303.99,297.76,300.5,17123200,290.56
2010-11-18,305.2,309.67,304.69,308.43,17660400,298.22
2010-11-19,307.97,308.4,305.24,306.73,13744400,296.58
2010-11-22,306.68,313.36,305.87,313.36,14038400,302.99
2010-11-23,310.45,311.75,306.56,308.73,18551700,298.51
2010-11-24,312.0,315.4,311.75,314.8,14775900,304.38
2010-11-26,313.74,317.7,312.94,315.0,8485200,304.58
2010-11-29,315.5,317.48,311.38,316.87,15920900,306.38
2010-11-30,313.54,314.36,310.87,311.15,17923500,300.85
2010-12-01,315.27,317.75,315.0,316.4,16491100,305.93
2010-12-02,317.53,319.0,314.89,318.15,16529900,307.62
2010-12-03,317.01,318.65,316.34,317.44,12217600,306.94
2010-12-06,318.64,322.33,318.42,320.15,16017200,309.56
2010-12-07,323.8,323.99,318.12,318.21,13980500,307.68
2010-12-08,319.63,321.02,317.11,321.01,11497700,310.39
2010-12-09,322.13,322.5,319.02,319.76,10505400,309.18
2010-12-10,319.65,321.05,318.6,320.56,9375400,309.95
2010-12-13,324.37,325.06,321.0,321.67,15707700,311.03
2010-12-14,321.73,322.54,319.0,320.29,12536000,309.69
2010-12-15,320.0,323.0,319.19,320.36,14904000,309.76
2010-12-16,321.09,322.61,320.1,321.25,11501100,310.62
2010-12-17,321.63,321.79,320.23,320.61,13818900,310.0
2010-12-20,321.6,323.25,318.23,322.21,13771800,311.55
2010-12-21,323.0,324.39,322.05,324.2,9155500,313.47
2010-12-22,324.36,325.72,323.55,325.16,9497200,314.4
2010-12-23,325.0,325.15,323.17,323.6,7969900,312.89
2010-12-27,322.85,325.44,321.52,324.68,8922000,313.94
2010-12-28,325.91,326.66,325.06,325.47,6283000,314.7
2010-12-29,326.22,326.45,325.1,325.29,5826400,314.53
2010-12-30,325.48,325.51,323.05,323.66,5624800,312.95
2010-12-31,322.95,323.48,321.31,322.56,6911000,311.89
2011-01-03,325.64,330.26,324.84,329.57,15897800,318.66
2011-01-04,332.44,332.5,328.15,331.29,11038600,320.33
2011-01-05,329.55,334.34,329.5,334.0,9125700,322.95
2011-01-06,334.72,335.25,332.9,333.73,10729600,322.69
2011-01-07,333.99,336.35,331.9,336.12,11140400,325.0
2011-01-10,338.83,343.23,337.17,342.45,16020000,331.12
2011-01-11,344.88,344.96,339.47,341.64,15861000,330.33
2011-01-12,343.25,344.43,342.0,344.42,10806800,333.02
2011-01-13,345.16,346.64,343.85,345.68,10599300,334.24
2011-01-14,345.89,348.48,344.44,348.48,11030000,336.95
2011-01-18,329.52,344.76,326.0,340.65,67178500,329.38
2011-01-19,348.35,348.6,336.88,338.84,40557600,327.63
2011-01-20,336.43,338.3,330.12,332.68,27313900,321.67
2011-01-21,333.77,334.88,326.63,326.72,26942900,315.91
2011-01-24,326.87,337.45,326.72,337.45,20524400,326.28
2011-01-25,336.33,341.44,334.57,341.4,19531000,330.1
2011-01-26,342.96,345.6,341.5,343.85,18102700,332.47
2011-01-27,343.78,344.69,342.83,343.21,10179500,331.85
2011-01-28,344.17,344.4,333.53,336.1,21144900,324.98
2011-01-31,335.8,340.04,334.3,339.32,13473100,328.09
2011-02-01,341.3,345.65,340.98,345.03,15236900,333.61
2011-02-02,344.45,345.25,343.55,344.32,9248400,332.93
2011-02-03,343.8,344.24,338.55,343.44,14064200,332.07
2011-02-04,343.64,346.7,343.51,346.5,11494300,335.03
2011-02-07,347.89,353.25,347.64,351.88,17322200,340.24
2011-02-08,353.68,355.52,352.15,355.2,13608600,343.45
2011-02-09,355.19,359.0,354.87,358.16,17240900,346.31
2011-02-10,357.39,360.0,348.0,354.54,33162500,342.81
2011-02-11,354.75,357.8,353.54,356.85,13127600,345.04
2011-02-14,356.79,359.48,356.71,359.18,11086300,347.29
2011-02-15,359.19,359.97,357.55,359.9,10149100,347.99
2011-02-16,360.8,364.9,360.5,363.13,17184200,351.11
2011-02-17,357.25,360.27,356.52,358.3,18949400,346.44
2011-02-18,358.71,359.5,349.52,350.56,29144900,338.96
2011-02-22,342.15,345.4,337.72,338.61,31162700,327.4
2011-02-23,338.77,344.64,338.61,342.62,23994800,331.28
2011-02-24,344.02,345.15,338.37,342.88,17853600,331.53
2011-02-25,345.26,348.43,344.8,348.16,13572100,336.64
2011-02-28,351.24,355.05,351.12,353.21,14395500,341.52
2011-03-01,355.47,355.72,347.68,349.31,16290600,337.75
2011-03-02,349.96,354.35,348.4,352.12,21521100,340.47
2011-03-03,357.19,359.79,355.92,359.56,17885300,347.66
2011-03-04,360.07,360.29,357.75,360.0,16188100,348.09
2011-03-07,361.4,361.67,351.31,355.36,19504400,343.6
2011-03-08,354.91,357.4,352.25,355.76,12725600,343.99
2011-03-09,354.69,354.76,350.6,352.47,16189500,340.81
2011-03-10,349.12,349.77,344.9,346.67,18126400,335.2
2011-03-11,345.33,352.32,345.0,351.99,16824300,340.34
2011-03-14,353.18,356.48,351.31,353.56,15569900,341.86
2011-03-15,342.1,347.84,340.1,345.43,25752900,334.0
2011-03-16,342.0,343.0,326.26,330.01,41500400,319.09
2011-03-17,336.83,339.61,330.66,334.64,23550800,323.57
2011-03-18,337.13,338.2,330.0,330.67,26900500,319.73
2011-03-21,335.99,339.74,335.26,339.3,14621500,328.07
2011-03-22,342.56,342.62,339.14,341.2,11640100,329.91
2011-03-23,339.28,340.22,335.95,339.19,13321300,327.97
2011-03-24,341.85,346.0,338.86,344.97,14454000,333.55
2011-03-25,348.07,352.06,347.02,351.54,16032500,339.91
2011-03-28,353.15,354.32,350.44,350.44,11048400,338.84
2011-03-29,347.66,350.96,346.06,350.96,12603600,339.35
2011-03-30,350.64,350.88,347.44,348.63,11764500,337.09
2011-03-31,346.36,349.8,346.06,348.51,9786400,336.98
2011-04-01,351.11,351.59,343.3,344.56,14952200,333.16
2011-04-04,344.31,344.6,338.4,341.19,16431600,329.9
2011-04-05,336.99,342.25,336.0,338.89,17240400,327.68
2011-04-06,341.22,343.9,337.14,338.04,14376400,326.85
2011-04-07,338.1,340.43,336.03,338.08,13337400,326.89
2011-04-08,339.92,340.15,333.95,335.06,13483400,323.97
2011-04-11,334.06,335.67,330.02,330.8,14248100,319.85
2011-04-12,330.49,333.73,330.2,332.4,15201400,321.4
2011-04-13,335.02,336.14,332.52,336.13,12365000,325.01
2011-04-14,334.8,336.0,332.06,332.42,10778600,321.42
2011-04-15,333.3,333.64,326.8,327.46,16200200,316.62
2011-04-18,326.1,332.23,320.16,331.85,21782100,320.87
2011-04-19,333.1,337.98,331.71,337.86,14977800,326.68
2011-04-20,343.51,345.75,341.5,342.41,25023800,331.08
2011-04-21,355.0,355.13,348.52,350.7,26921800,339.09
2011-04-25,350.34,353.75,350.3,353.01,9519500,341.33
2011-04-26,353.62,354.99,349.35,350.42,12100000,338.82
2011-04-27,352.24,352.35,347.1,350.15,12721900,338.56
2011-04-28,346.19,349.75,345.52,346.75,12891400,335.28
2011-04-29,346.78,353.95,346.67,350.13,35940900,338.54
2011-05-02,349.74,350.47,345.5,346.28,15811200,334.82
2011-05-03,347.99,349.89,345.62,348.2,11191000,336.68
2011-05-04,348.26,351.83,346.88,349.57,13901800,338.0
2011-05-05,348.4,350.95,346.05,346.75,11998900,335.28
2011-05-06,349.69,350.0,346.21,346.66,10004800,335.19
2011-05-09,347.86,349.2,346.53,347.6,7312400,336.1
2011-05-10,348.89,349.69,346.66,349.45,10074700,337.89
2011-05-11,349.02,350.0,345.24,347.23,12000000,335.74
2011-05-12,346.12,347.12,342.27,346.57,11500000,335.1
2011-05-13,345.66,346.25,340.35,340.5,11647000,329.23
2011-05-16,339.2,341.22,332.6,333.3,16063400,322.27
2011-05-17,332.0,336.14,330.73,336.14,16154800,325.02
2011-05-18,336.47,341.05,336.0,339.87,11956300,328.62
2011-05-19,342.08,342.41,338.67,340.53,9327500,329.26
2011-05-20,339.56,340.95,335.02,335.22,12070300,324.13
2011-05-23,329.97,335.98,329.42,334.4,13700000,323.33
2011-05-24,335.5,335.9,331.34,332.19,11497400,321.2
2011-05-25,336.78,338.56,332.85,336.78,10508000,325.64
2011-05-26,335.97,336.89,334.43,335.0,7948600,323.91
2011-05-27,334.8,337.63,334.31,337.41,7271400,326.24
2011-05-31,341.1,347.83,341.0,347.83,14919800,336.32
2011-06-01,348.87,352.13,344.65,345.51,19810100,334.08
2011-06-02,346.5,347.98,344.3,346.1,12099400,334.65
2011-06-03,343.18,345.33,342.01,343.44,11187500,332.07
2011-06-06,345.7,347.05,337.81,338.04,16497900,326.85
2011-06-07,338.17,338.22,331.9,332.04,18920900,321.05
2011-06-08,331.78,334.8,330.65,332.24,11918700,321.25
2011-06-09,333.25,333.67,330.75,331.49,9824600,320.52
2011-06-10,330.55,331.66,325.51,325.9,15498400,315.12
2011-06-13,326.6,328.31,325.07,326.6,11773500,315.79
2011-06-14,330.0,333.25,329.31,332.44,11948900,321.44
2011-06-15,329.75,330.3,324.88,326.75,14257000,315.94
2011-06-16,326.9,328.68,318.33,325.16,18235400,314.4
2011-06-17,328.99,329.25,319.36,320.26,21965000,309.66
2011-06-20,317.36,317.7,310.5,315.32,22880200,304.89
2011-06-21,316.68,325.8,315.2,325.3,17620800,314.54
2011-06-22,325.16,328.9,322.38,322.61,13949400,311.93
2011-06-23,318.94,331.69,318.12,331.23,19991400,320.27
2011-06-24,331.37,333.15,325.09,326.35,15707400,315.55
2011-06-27,327.59,333.9,327.25,332.04,12136200,321.05
2011-06-28,333.65,336.7,333.44,335.26,10510700,324.17
2011-06-29,336.04,336.37,331.88,334.04,12590900,322.99
2011-06-30,334.7,336.13,332.84,335.67,11534100,324.56
2011-07-01,335.95,343.5,334.2,343.26,15546900,331.9
2011-07-05,343.0,349.83,342.5,349.43,12680500,337.87
2011-07-06,348.95,354.1,346.71,351.76,15879500,340.12
2011-07-07,354.67,358.0,354.0,357.2,14273700,345.38
2011-07-08,353.34,360.0,352.2,359.71,17497400,347.81
2011-07-11,356.34,359.77,352.82,354.0,15809800,342.29
2011-07-12,353.53,357.68,348.62,353.75,16128900,342.04
2011-07-13,358.33,360.0,356.38,358.02,13987100,346.17
2011-07-14,361.01,361.61,356.34,357.77,15376200,345.93
2011-07-15,361.17,365.0,359.17,364.92,17302400,352.84
2011-07-18,365.43,374.65,365.28,373.8,20451900,361.43
2011-07-19,378.0,378.65,373.32,376.85,29255200,364.38
2011-07-20,396.12,396.27,386.0,386.9,33619300,374.1
2011-07-21,386.95,390.06,383.9,387.29,18804800,374.47
2011-07-22,388.32,395.05,387.75,393.3,18454600,380.28
2011-07-25,390.35,400.0,389.62,398.5,21064500,385.31
2011-07-26,400.0,404.5,399.68,403.41,17020800,390.06
2011-07-27,400.59,402.64,392.15,392.59,23547300,379.6
2011-07-28,391.62,396.99,388.13,391.82,21215500,378.85
2011-07-29,387.64,395.15,384.0,390.48,22592300,377.56
2011-08-01,397.78,399.5,392.37,396.75,21887000,383.62
2011-08-02,397.65,397.9,388.35,388.91,22840700,376.04
2011-08-03,390.98,393.55,382.24,392.57,26161000,379.58
2011-08-04,389.41,391.32,377.35,377.37,31121700,364.88
2011-08-05,380.44,383.5,362.57,373.62,43021100,361.26
2011-08-08,361.69,367.77,353.02,353.21,40851200,341.52
2011-08-09,361.3,374.61,355.0,374.01,38663700,361.63
2011-08-10,371.15,374.65,362.5,363.69,31380600,351.65
2011-08-11,370.52,375.45,364.72,373.7,26498900,361.33
2011-08-12,378.07,379.64,374.23,376.99,18892000,364.51
2011-08-15,379.63,384.97,378.09,383.41,16448000,370.72
2011-08-16,381.52,383.37,376.06,380.48,17812500,367.89
2011-08-17,382.31,384.52,378.0,380.44,15787900,367.85
2011-08-18,370.84,372.65,361.37,366.05,30408400,353.94
2011-08-19,362.17,367.0,356.0,356.03,27710300,344.25
2011-08-22,364.51,364.88,355.09,356.44,19118400,344.64
2011-08-23,360.3,373.64,357.0,373.6,23458400,361.24
2011-08-24,373.47,378.96,370.6,376.18,22366700,363.73
2011-08-25,365.08,375.45,365.0,373.72,31119500,361.35
2011-08-26,371.17,383.8,370.8,383.58,22909900,370.89
2011-08-29,388.18,391.5,388.0,389.97,14473900,377.07
2011-08-30,388.25,391.84,386.21,389.99,14925800,377.08
2011-08-31,390.57,392.08,381.86,384.83,18663800,372.1
2011-09-01,385.82,387.34,380.72,381.03,12275900,368.42
2011-09-02,374.74,378.0,371.83,374.05,15676400,361.67
2011-09-06,367.37,380.33,366.48,379.74,18203500,367.17
2011-09-07,385.56,385.6,382.0,383.93,12520600,371.22
2011-09-08,382.4,388.61,382.31,384.14,14862800,371.43
2011-09-09,383.93,386.0,375.02,377.48,20171900,364.99
2011-09-12,373.0,380.88,371.9,379.94,16708300,367.37
2011-09-13,382.14,386.21,380.25,384.62,15734300,371.89
2011-09-14,387.02,392.21,385.76,389.3,19097300,376.42
2011-09-15,391.43,393.66,389.9,392.96,14922100,379.96
2011-09-16,395.54,400.5,395.03,400.5,24946900,387.25
2011-09-19,397.0,413.23,395.2,411.63,29423600,398.01
2011-09-20,415.25,422.86,411.19,413.45,27705500,399.77
2011-09-21,419.64,421.59,412.0,412.14,21642000,398.5
2011-09-22,401.03,409.82,396.7,401.82,34588600,388.52
2011-09-23,400.28,406.74,399.85,404.3,19509900,390.92
2011-09-26,399.86,403.98,391.3,403.17,29031300,389.83
2011-09-27,408.73,409.25,398.06,399.26,22589200,386.05
2011-09-28,400.19,403.74,396.51,397.01,15344200,383.87
2011-09-29,401.92,402.21,386.21,390.57,23253100,377.65
2011-09-30,387.12,388.89,381.18,381.32,19558600,368.7
2011-10-03,380.37,382.64,373.17,374.6,23896400,362.2
2011-10-04,374.57,381.8,354.24,372.5,44059900,360.17
2011-10-05,367.86,379.82,360.3,378.25,28088200,365.73
2011-10-06,373.33,384.78,371.8,377.37,29020800,364.88
2011-10-07,375.78,377.74,368.49,369.8,19123500,357.56
2011-10-10,379.09,388.81,378.21,388.81,15804100,375.94
2011-10-11,392.57,403.18,391.5,400.29,21631700,387.04
2011-10-12,407.34,409.25,400.14,402.19,22224500,388.88
2011-10-13,404.98,408.43,402.85,408.43,15220900,394.91
2011-10-14,416.83,422.0,415.27,422.0,20477400,408.04
2011-10-17,421.74,426.7,415.94,419.99,24501600,406.09
2011-10-18,421.76,424.81,415.99,422.24,31485800,408.27
2011-10-19,401.35,408.42,397.8,398.62,39430700,385.43
2011-10-20,400.0,400.35,394.21,395.31,19616800,382.23
2011-10-21,398.1,399.14,390.75,392.87,22187300,379.87
2011-10-24,396.18,406.5,395.4,405.77,17933500,392.34
2011-10-25,405.03,406.55,397.38,397.77,15372400,384.61
2011-10-26,401.76,402.55,393.15,400.6,16296600,387.34
2011-10-27,407.56,409.0,401.89,404.69,17666600,391.3
2011-10-28,403.0,406.35,402.51,404.95,11530100,391.55
2011-10-31,402.42,409.33,401.05,404.78,13767900,391.38
2011-11-01,397.41,399.5,393.22,396.51,18992500,383.39
2011-11-02,400.09,400.44,395.11,397.41,11723400,384.26
2011-11-03,399.07,403.4,395.36,403.07,15763800,389.73
2011-11-04,402.03,403.44,399.16,400.24,10793900,387.0
2011-11-07,399.91,400.0,396.13,399.73,9652700,386.5
2011-11-08,402.21,408.0,401.56,406.23,14301500,392.79
2011-11-09,396.97,400.89,394.23,395.28,19953000,382.2
2011-11-10,397.03,397.21,382.15,385.22,26598300,372.47
2011-11-11,386.61,388.7,380.26,384.62,23349500,371.89
2011-11-14,383.52,385.25,378.2,379.26,15460900,366.71
2011-11-15,380.8,389.5,379.45,388.83,15386100,375.96
2011-11-16,389.25,391.14,384.32,384.77,12471800,372.04
2011-11-17,383.98,384.58,375.5,377.41,17139300,364.92
2011-11-18,378.92,379.99,374.88,374.94,13283500,362.53
2011-11-21,370.4,371.68,365.91,369.01,15999300,356.8
2011-11-22,371.02,377.93,370.94,376.51,14607900,364.05
2011-11-23,374.51,375.84,366.88,366.99,15295400,354.85
2011-11-25,368.42,371.15,363.32,363.57,9098600,351.54
2011-11-28,372.35,376.72,370.33,376.12,12371900,363.67
2011-11-29,375.84,378.83,370.2,373.2,13423400,360.85
2011-11-30,381.29,382.28,378.3,382.2,14497800,369.55
2011-12-01,382.54,389.0,380.75,387.93,13827900,375.09
2011-12-02,389.83,393.63,388.58,389.7,13537700,376.8
2011-12-05,393.49,396.41,390.39,393.01,12757500,380.0
2011-12-06,392.51,394.63,389.38,390.95,10128500,378.01
2011-12-07,389.93,390.94,386.76,389.09,10883800,376.21
2011-12-08,391.45,395.5,390.23,390.66,13441300,377.73
2011-12-09,392.85,394.04,391.03,393.62,10606900,380.59
2011-12-12,391.68,393.9,389.45,391.84,10752400,378.87
2011-12-13,393.0,395.4,387.1,388.81,12104600,375.94
2011-12-14,386.7,387.38,377.68,380.19,14531700,367.61
2011-12-15,383.33,383.74,378.31,378.94,9150000,366.4
2011-12-16,380.36,384.15,379.57,381.02,15052800,368.41
2011-12-19,382.47,384.85,380.48,382.21,8411800,369.56
2011-12-20,387.76,396.1,387.26,395.95,12043400,382.85
2011-12-21,396.69,397.3,392.01,396.45,9391000,383.33
2011-12-22,397.0,399.13,396.1,398.55,7227100,385.36
2011-12-23,399.69,403.59,399.49,403.33,9621400,389.98
2011-12-27,403.1,409.09,403.02,406.53,9467000,393.08
2011-12-28,406.89,408.25,401.34,402.64,8166500,389.32
2011-12-29,403.4,405.65,400.51,405.12,7713500,391.71
2011-12-30,403.51,406.28,403.49,405.0,6416500,391.6
